"State","SO2.mean","SO2.se","NO2.mean","NO2.se"
"California",0.645714285714286,0.0192346262111082,11.01,0.451060730182672
"Iowa",1.38142857142857,0.150738383475054,5.55285714285714,0.323270609968171
"Maine",0.194285714285714,0.0141146217151336,5.03142857142857,0.330576108716333
"New York",0.897142857142857,0.0262084045006998,17.9642857142857,1.11328491599357
"Ohio",1.28571428571429,0.0632662936065133,15.6642857142857,0.86804764013236
"Texas",0.262857142857143,0.0141833064113421,6.21857142857143,0.430148233088947
